设备ID,上报时间,电流A,电流B,电流C,电压A,电压B,电压C,正向有功功率A,正向有功功率B,正向有功功率C
7,2025-04-16 13:09:48,45.28,7.62,6.36,214.1,220.3,224.6,8232.43,1130.75,5586.56
2,2025-04-16 13:09:48,94.62,8.41,53.54,219.5,219.3,214.1,9932.44,6109.12,8500.26
0,2025-04-16 13:09:48,1.54,54.17,39.64,225.1,211.5,221.3,3329.2,6973.24,8913.99
5,2025-04-16 13:09:48,45.9,97.91,74.82,224.0,212.7,216.1,4453.95,2370.12,5002.23
1,2025-04-16 13:09:48,43.23,66.82,13.3,219.5,225.5,228.0,8259.7,8690.04,9772.36
3,2025-04-16 13:09:48,77.25,52.1,94.97,224.6,220.8,216.3,7415.97,9932.74,834.17
4,2025-04-16 13:09:48,46.56,20.71,12.57,211.0,216.7,217.4,8456.8,2475.36,625.79
9,2025-04-16 13:09:48,96.42,98.43,65.06,228.2,211.5,224.2,8771.2,422.26,4638.32
8,2025-04-16 13:09:48,29.92,95.72,70.21,219.9,225.4,218.2,1747.28,7289.32,4314.45
6,2025-04-16 13:09:48,81.76,73.52,21.13,222.3,228.9,222.2,8510.58,393.17,5884.75
0,2025-04-16 13:09:49,98.84,16.55,72.49,213.8,210.5,227.9,1513.12,6766.15,9973.78
5,2025-04-16 13:09:49,50.78,3.79,86.52,225.4,215.0,228.1,8044.47,7614.86,4617.87
7,2025-04-16 13:09:49,48.16,90.64,59.44,225.3,220.2,229.5,8408.79,6734.11,6511.76
2,2025-04-16 13:09:49,96.16,12.02,83.25,212.1,212.7,223.0,3901.16,4156.88,5996.82
1,2025-04-16 13:09:49,71.38,42.12,17.35,211.8,227.0,213.9,2284.13,5323.78,7366.74
3,2025-04-16 13:09:49,88.15,52.1,83.17,213.3,216.1,218.7,2803.25,8227.68,5791.12
4,2025-04-16 13:09:49,23.49,87.53,18.64,215.2,228.4,214.0,21.33,5381.2,9707.39
9,2025-04-16 13:09:49,35.74,94.41,39.39,223.7,227.9,217.5,5644.61,9936.76,4673.63
8,2025-04-16 13:09:49,80.34,28.0,42.84,228.0,219.2,224.1,1228.93,74.29,3401.35
6,2025-04-16 13:09:49,17.63,44.69,83.76,210.6,221.8,220.1,450.37,9830.39,8233.69
5,2025-04-16 13:09:50,3.11,99.74,6.13,225.4,219.0,222.7,4287.56,2289.83,2873.74

2,2025-04-16 13:09:50,39.92,47.56,33.08,227.5,220.3,218.3,9802.49,1740.43,4158.08
1,2025-04-16 13:09:50,44.23,75.29,81.95,213.5,221.3,218.9,1941.65,4620.93,3355.03
7,2025-04-16 13:09:50,40.26,39.97,92.11,213.9,215.5,216.8,9516.1,6039.56,9653.08
9,2025-04-16 13:09:50,79.99,67.62,15.85,227.7,211.7,223.1,520.83,3505.51,1305.85
3,2025-04-16 13:09:50,66.4,23.99,14.9,210.7,210.9,212.4,1671.53,4590.37,4603.47
6,2025-04-16 13:09:50,67.74,16.22,34.36,215.8,222.3,213.7,2020.56,6209.56,552.15
4,2025-04-16 13:09:50,72.65,9.0,57.39,227.9,226.3,224.6,5482.44,5671.71,6641.68
8,2025-04-16 13:09:50,5.72,30.79,36.6,214.4,212.7,220.9,6559.68,4323.91,3111.2
2,2025-04-16 13:09:51,7.51,54.2,30.43,223.7,221.1,210.3,6522.81,9745.4,5417.4
7,2025-04-16 13:09:51,64.95,30.44,46.82,228.6,222.4,225.8,1770.02,1478.77,7813.09
0,2025-04-16 13:09:51,39.29,70.6,0.53,220.5,229.8,213.6,9391.85,9741.66,9664.47
5,2025-04-16 13:09:51,30.48,10.82,36.99,228.9,228.4,215.7,6105.08,9986.02,6155.97
4,2025-04-16 13:09:51,8.89,27.34,26.67,224.1,212.3,210.9,7537.7,3617.53,8574.0
3,2025-04-16 13:09:51,43.75,98.65,33.63,220.7,210.7,221.0,8496.92,2655.81,4534.56
9,2025-04-16 13:09:51,91.56,69.54,70.51,222.1,229.3,211.4,5549.26,9460.34,4573.52
8,2025-04-16 13:09:51,27.32,95.6,92.02,218.9,229.4,210.1,4492.8,8316.22,3453.85
4,2025-04-16 13:09:52,72.6,95.25,39.35,216.8,223.0,210.0,1386.9,1692.6,4872.06

8,2025-04-16 13:09:52,3.62,83.14,18.34,221.6,221.3,223.9,805.79,4108.3,5690.64
7
2,2025-04-16 13:09:52,87.11,18.56,76.57,229.4,217.5,214.5,4772.2,2080.42,3991.34
6,2025-04-16 13:09:52,90.62,3.53,99.16,223.8,213.4,218.2,7066.7,258.95,4653.8
84
7,2025-04-16 13:09:53,23.46,85.49,38.16,215.1,226.9,213.8,4951.95,1984.7,417.63
5,2025-04-16 13:09:53,54.81,83.38,55.98,227.1,212.7,220.6,9662.26,7703.87,5627.4
1,2025-04-16 13:09:53,18.25,45.99,52.24,219.8,217.2,219.1,8072.47,317.01,8001.6
2,2025-04-16 13:09:53,42.41,48.94,53.2,220.0,221.8,229.7,6438.69,8798.11,4462.45
4,2025-04-16 13:09:53,43.14,77.42,70.29,214.5,226.6,212.5,5158.04,930.57,4500.63
6,2025-04-16 13:09:53,93.21,59.19,18.49,227.3,217.4,212.6,51.15,9476.69,8932.09
0,2025-04-16 13:09:53,43.09,66.19,79.21,225.9,222.3,219.9,6616.8,8957.55,7064.36
8,2025-04-16 13:09:53,78.37,4.9,46.63,227.1,211.3,220.3,6223.32,172.51,8004.85

3,2025-04-16 13:09:53,41.79,85.61,30.87,223.1,210.9,219.8,1391.51,9618.23,4807.07
1,2025-04-16 13:09:54,34.06,9.61,47.91,225.0,228.2,226.8,4718.66,3292.11,2339.18

4,2025-04-16 13:09:54,77.11,24.96,44.33,223.0,218.4,224.9,4749.93,3079.06,5022.66
7,2025-04-16 13:09:54,80.76,45.62,63.1,215.0,212.5,226.9,7562.35,9821.43,6558.93
5,2025-04-16 13:09:54,35.91,73.57,44.73,227.1,228.2,224.8,1550.97,8749.19,116.73
6,2025-04-16 13:09:54,38.68,82.28,0.73,216.8,211.7,215.6,9572.7,4602.09,4418.96
8,2025-04-16 13:09:54,52.37,44.53,72.45,221.2,225.8,229.4,2580.37,3549.96,1301.17
0,2025-04-16 13:09:54,58.27,14.78,65.94,230.0,221.3,213.8,1787.31,3413.04,7994.44
9,2025-04-16 13:09:54,92.94,21.42,98.54,219.3,226.1,211.5,4255.67,3196.77,8109.32
5,2025-04-16 13:09:55,48.72,92.23,97.9,224.6,226.6,221.9,1353.17,2816.15,8591.85
2,2025-04-16 13:09:55,71.67,73.88,83.37,224.1,228.5,212.8,2711.98,1965.89,7596.57
1,2025-04-16 13:09:55,89.33,83.35,55.18,224.3,228.3,211.8,898.0,4934.8,3833.14
7,2025-04-16 13:09:55,27.4,97.49,45.08,229.0,210.4,220.2,4683.96,4277.15,9153.22
4,2025-04-16 13:09:55,96.46,10.55,36.25,222.2,222.7,218.5,3307.92,9976.87,3609.65
0,2025-04-16 13:09:55,71.01,43.6,81.82,213.0,210.4,212.0,3928.54,9735.03,1801.95
3,2025-04-16 13:09:55,72.2,58.84,56.91,213.4,228.6,213.3,3700.27,6839.01,8611.86
9,2025-04-16 13:09:55,3.1,22.88,18.95,228.1,214.4,212.4,5978.1,1413.83,3743.62
8,2025-04-16 13:09:55,59.9,83.83,4.77,220.4,219.1,214.9,2016.8,5988.27,5769.96
6,2025-04-16 13:09:55,14.46,84.04,27.87,225.6,220.0,218.6,8529.42,9383.82,8343.65
5,2025-04-16 13:09:56,18.84,94.04,91.67,220.7,228.1,219.1,3086.66,3179.15,4185.17
4,2025-04-16 13:09:56,51.66,68.52,11.86,225.9,212.2,215.7,555.39,8016.97,7781.19
7,2025-04-16 13:09:56,82.01,94.66,79.65,228.8,225.0,222.6,8837.19,8449.94,2862.34
2,2025-04-16 13:09:56,3.53,20.77,89.62,218.0,215.0,221.5,1248.95,7846.47,6478.9
1,2025-04-16 13:09:56,25.77,61.04,64.27,214.7,226.1,226.4,7399.3,1302.54,9672.82
0,2025-04-16 13:09:56,23.7,15.5,7.54,217.1,214.8,214.5,9386.47,196.02,8450.66
9,2025-04-16 13:09:56,12.15,98.48,88.96,224.9,222.7,229.5,5295.52,1750.73,4466.71
6,2025-04-16 13:09:56,58.17,98.98,61.36,225.1,211.8,217.9,1382.92,5424.62,8620.16
8,2025-04-16 13:09:56,50.26,70.65,16.57,217.7,212.8,212.5,1528.76,164.64,5672.25
3,2025-04-16 13:09:56,86.76,47.37,92.46,227.6,221.8,225.7,382.93,2391.98,9868.43
5,2025-04-16 13:09:57,86.65,96.07,12.51,223.0,221.3,222.1,6437.94,7628.94,6730.21
2,2025-04-16 13:09:57,99.0,2.5,48.19,212.0,219.6,219.3,8053.95,184.08,4873.62
4,2025-04-16 13:09:57,94.47,94.9,45.06,220.7,219.2,225.8,9435.25,605.34,9226.35
7,2025-04-16 13:09:57,18.96,52.94,35.77,216.3,220.4,219.3,4406.51,9975.21,3699.81
1,2025-04-16 13:09:57,18.43,34.18,70.17,219.8,222.4,225.3,3142.65,7520.95,7026.86
6,2025-04-16 13:09:57,74.99,70.11,73.51,228.5,225.5,228.6,2819.64,4530.07,935.94
9,2025-04-16 13:09:57,19.41,87.28,19.34,210.5,217.9,215.8,600.45,6346.88,6656.2
8,2025-04-16 13:09:57,44.63,67.35,19.64,230.0,215.5,226.3,6527.06,8720.83,9626.32
0,2025-04-16 13:09:57,66.61,53.33,1.42,219.5,216.4,223.6,7055.6,1963.95,3785.11
3,2025-04-16 13:09:57,35.06,95.41,69.37,211.7,223.2,222.6,2148.59,4738.27,3290.02
5,2025-04-16 13:09:58,20.52,31.92,1.06,216.9,224.1,225.1,7912.05,2346.84,1917.46
2,2025-04-16 13:09:58,8.0,79.17,76.59,212.1,220.5,227.7,2759.67,2195.53,8090.46
4,2025-04-16 13:09:58,60.78,20.32,95.96,212.1,222.3,226.8,4651.47,4532.08,3066.26
1,2025-04-16 13:09:58,30.84,63.45,70.45,220.5,213.2,210.2,2519.47,389.27,6099.19
8,2025-04-16 13:09:58,94.27,93.72,80.57,223.4,220.2,216.1,5098.45,8858.39,400.1
0,2025-04-16 13:09:58,4.46,21.53,75.28,216.0,214.3,222.1,1182.96,7523.27,9109.71
6,2025-04-16 13:09:58,5.57,58.41,3.91,219.7,221.7,216.6,3614.12,7119.15,3917.05
9,2025-04-16 13:09:58,49.98,29.36,33.03,216.2,229.9,212.1,8094.27,4526.34,8504.74
3,2025-04-16 13:09:58,10.09,62.49,98.47,213.3,212.5,225.9,68.0,4387.8,6766.05
5,2025-04-16 13:09:59,96.01,6.02,80.6,214.4,221.5,212.6,5007.63,2369.81,9301.32
2,2025-04-16 13:09:59,62.69,29.14,91.67,220.8,224.9,210.9,8330.13,2334.88,9419.44
8,2025-04-16 13:09:59,5.96,85.2,68.26,223.1,218.6,218.1,4589.84,4374.38,2776.91
4,2025-04-16 13:09:59,0.13,65.07,36.67,210.3,217.2,214.7,1887.41,1215.78,3686.9

3,2025-04-16 13:09:59,62.05,39.22,74.3,215.0,227.4,227.4,2093.64,4726.56,4873.46
9,2025-04-16 13:09:59,26.21,79.68,82.68,211.5,211.7,220.0,2177.71,4211.56,3191.39
0,2025-04-16 13:09:59,39.06,48.19,78.2,217.8,229.9,213.2,767.75,7691.63,9058.99
6,2025-04-16 13:09:59,3.96,50.73,77.92,211.8,228.6,227.1,7435.76,4256.06,6890.98
5,2025-04-16 13:10:00,13.84,37.19,49.45,229.6,219.7,214.6,1442.83,7768.34,20.43
2,2025-04-16 13:10:00,90.86,8.5,81.17,228.4,227.0,226.1,9319.39,2123.53,612.59
4,2025-04-16 13:10:00,74.96,69.13,78.6,211.4,216.6,212.0,6934.92,3911.82,315.3
7,2025-04-16 13:10:00,1.66,35.11,98.82,219.0,220.9,218.2,9144.92,9007.3,2928.23
1,2025-04-16 13:10:00,22.65,36.07,63.26,216.2,229.1,219.5,6796.45,2889.84,6885.28
8,2025-04-16 13:10:00,56.57,15.09,40.34,213.2,229.1,229.9,4052.6,8152.67,7089.88
6,2025-04-16 13:10:00,26.01,53.66,49.9,227.4,214.2,211.8,3148.66,538.46,1812.87
3,2025-04-16 13:10:00,81.54,70.47,68.53,213.3,221.4,214.4,3532.18,5639.31,4867.28
0,2025-04-16 13:10:00,90.13,72.05,46.6,210.6,226.9,217.7,3860.19,3555.15,6939.82
5,2025-04-16 13:10:01,85.15,75.74,17.16,225.1,213.0,221.1,2424.86,8515.6,3406.2
2,2025-04-16 13:10:01,12.76,39.54,79.03,218.6,227.0,220.1,5849.13,7245.51,2229.61
7,2025-04-16 13:10:01,70.78,15.21,37.71,220.3,221.7,217.6,5695.33,1989.66,1490.89
4,2025-04-16 13:10:01,69.52,81.36,61.39,227.1,228.4,224.8,5567.63,4424.53,3013.67
6,2025-04-16 13:10:01,75.01,99.34,77.74,222.1,215.7,225.0,3702.39,2289.6,1467.73
3,2025-04-16 13:10:01,51.26,9.88,95.36,226.1,213.7,217.7,2894.53,6220.74,3568.62
8,2025-04-16 13:10:01,26.1,72.07,50.9,211.7,224.4,212.3,6111.67,8816.18,1035.48
1,2025-04-16 13:10:01,70.35,61.19,65.04,214.2,216.7,218.2,116.76,5976.59,2697.46

0,2025-04-16 13:10:01,27.86,28.42,83.99,220.7,228.6,215.7,4925.43,1118.16,2116.91
5,2025-04-16 13:10:02,95.77,12.59,93.07,223.1,222.8,222.9,5236.41,5755.03,4420.44
2,2025-04-16 13:10:02,10.43,43.27,39.39,223.2,226.4,228.7,1948.23,3406.43,5682.34
7,2025-04-16 13:10:02,32.84,67.47,94.3,210.8,221.8,220.9,1949.15,8343.14,396.34
4,2025-04-16 13:10:02,14.09,8.54,84.08,227.8,226.7,217.6,8544.73,8243.89,6733.68
8,2025-04-16 13:10:02,17.82,49.34,18.1,220.9,219.2,219.8,7952.36,5582.64,2485.0
9,2025-04-16 13:10:02,24.57,96.61,8.89,221.8,211.6,212.8,2521.57,8870.59,6464.4
1,2025-04-16 13:10:02,66.1,93.48,66.89,218.8,224.1,211.1,7413.74,6776.42,7761.86
3,2025-04-16 13:10:02,98.79,30.03,46.97,226.6,224.2,216.0,9049.38,112.59,235.0
0,2025-04-16 13:10:02,68.99,78.03,78.25,216.8,220.0,214.9,8344.56,6035.62,6581.3
6,2025-04-16 13:10:02,91.0,16.25,87.7,212.2,211.3,220.5,663.54,1038.45,4815.67
5,2025-04-16 13:10:03,31.33,10.91,16.5,214.1,212.2,212.4,3618.85,5312.49,7976.36
2,2025-04-16 13:10:03,79.62,78.94,85.27,222.7,215.8,211.9,9712.75,4115.67,8634.6
4,2025-04-16 13:10:03,35.61,3.09,44.68,217.0,214.9,223.8,3935.01,3955.64,2213.78
7,2025-04-16 13:10:03,62.46,10.22,20.17,213.8,220.1,215.1,1263.61,1538.03,531.52
8,2025-04-16 13:10:03,74.74,32.51,21.72,221.5,226.9,228.4,6844.55,6303.77,7320.61
9,2025-04-16 13:10:03,90.35,48.54,33.36,225.6,229.2,215.8,5767.17,2088.31,4652.86
3,2025-04-16 13:10:03,4.22,23.78,81.91,226.0,220.2,210.3,4441.06,5793.67,5092.96
6,2025-04-16 13:10:03,31.03,65.87,21.15,226.3,227.5,215.8,8819.21,3912.86,9986.93
1,2025-04-16 13:10:03,97.52,36.89,79.29,224.2,216.4,223.7,1614.66,2015.44,6851.37
5,2025-04-16 13:10:04,70.5,81.0,9.03,222.3,224.5,214.8,5375.89,2657.24,7900.59
2,2025-04-16 13:10:04,76.18,68.77,67.56,217.9,212.5,227.6,8467.07,2235.34,8663.89
7,2025-04-16 13:10:04,94.55,65.48,7.15,228.5,223.1,219.2,2658.76,4641.32,6006.89
4,2025-04-16 13:10:04,42.38,79.64,58.17,222.1,228.0,221.4,2252.2,391.31,2364.78
9,2025-04-16 13:10:04,63.85,76.56,26.6,224.0,220.2,212.3,1663.85,7078.49,4427.35
8,2025-04-16 13:10:04,58.94,18.67,34.67,220.6,219.4,222.3,5751.17,5839.07,5490.89
0,2025-04-16 13:10:04,80.94,51.33,92.36,211.8,226.9,228.7,9435.74,3106.61,8657.04
6,2025-04-16 13:10:04,40.94,28.88,3.27,228.3,215.7,213.4,6108.02,1459.82,5859.41
3,2025-04-16 13:10:04,29.92,79.88,18.12,215.0,210.3,210.0,5663.41,796.65,7749.01
5,2025-04-16 13:10:05,79.63,44.89,11.13,223.5,224.8,211.4,5988.04,4427.28,6929.61
2,2025-04-16 13:10:05,88.48,56.0,42.72,229.6,218.6,213.3,5204.15,5385.24,9915.56
4,2025-04-16 13:10:05,54.12,76.79,93.21,217.3,224.5,215.9,973.39,9873.66,337.44
7,2025-04-16 13:10:05,36.82,69.79,42.42,216.5,223.3,210.6,7970.79,7970.15,3936.41
9,2025-04-16 13:10:05,0.13,64.87,11.88,220.6,214.6,219.6,1384.39,7588.31,2773.14
8,2025-04-16 13:10:05,61.0,83.82,21.38,211.4,229.3,229.7,1386.82,4040.8,931.02
0,2025-04-16 13:10:05,88.42,45.9,8.07,217.7,225.8,212.2,4316.97,726.89,5949.07
1,2025-04-16 13:10:05,56.33,36.86,41.9,229.5,211.3,217.2,7244.3,3865.13,5319.45
6,2025-04-16 13:10:05,15.28,58.3,68.25,220.0,214.0,210.3,4229.67,9967.59,3855.84
3,2025-04-16 13:10:05,67.91,46.01,45.35,213.5,225.6,226.5,8274.99,9767.47,9640.25
5,2025-04-16 13:10:06,39.09,37.89,71.53,229.2,225.3,215.3,1416.58,4707.45,2174.24
2,2025-04-16 13:10:06,28.54,2.06,77.4,229.6,225.1,227.2,302.22,8511.09,2068.91
4,2025-04-16 13:10:06,46.83,45.56,46.76,210.8,218.8,212.0,6212.32,627.34,2795.67
7,2025-04-16 13:10:06,91.39,87.41,99.54,224.4,219.6,223.1,9950.59,838.05,7163.25
8,2025-04-16 13:10:06,64.93,78.04,25.22,213.9,223.9,224.9,8974.36,7271.39,3190.67
9,2025-04-16 13:10:06,81.95,44.36,87.59,224.0,211.5,212.4,4888.34,574.18,8501.03
3,2025-04-16 13:10:06,88.46,58.56,99.04,211.4,224.5,218.7,641.73,98.38,3954.85
6,2025-04-16 13:10:06,36.57,27.6,63.59,224.5,212.9,212.9,7980.28,7483.35,8680.4
1,2025-04-16 13:10:06,9.52,65.48,93.6,227.6,211.0,215.3,2070.93,1860.08,9551.16
0,2025-04-16 13:10:06,94.29,39.67,91.26,229.2,225.2,220.3,5859.99,2726.71,1301.89
5,2025-04-16 13:10:07,19.23,98.85,67.02,218.6,214.4,223.9,3592.28,3192.24,5595.36
2,2025-04-16 13:10:07,87.04,62.61,26.36,223.7,213.8,226.2,7019.06,9584.2,822.87
7,2025-04-16 13:10:07,98.89,85.39,19.26,228.7,221.4,214.9,9322.87,2012.82,7223.63
4,2025-04-16 13:10:07,86.81,44.94,87.14,212.2,225.2,217.5,4729.31,4826.1,5304.79
9,2025-04-16 13:10:07,75.89,88.09,61.42,215.7,216.2,216.6,1749.4,1922.43,2713.6
8,2025-04-16 13:10:07,67.24,98.89,65.59,228.7,224.3,229.3,9426.86,1977.47,730.1
0,2025-04-16 13:10:07,48.18,17.97,44.38,225.7,222.8,218.5,9362.55,2629.19,3856.05
6,2025-04-16 13:10:07,23.36,79.25,73.73,220.1,224.5,219.0,3256.87,1750.59,7505.16
1,2025-04-16 13:10:07,79.66,71.41,44.81,215.9,229.6,215.6,9132.7,6694.15,4080.12
5,2025-04-16 13:10:08,7.2,15.31,0.45,211.3,229.9,226.8,6533.96,7517.92,3160.08
2,2025-04-16 13:10:08,36.46,83.94,50.35,229.5,210.7,227.7,2910.12,5746.54,1389.52
4,2025-04-16 13:10:08,86.81,25.31,50.84,226.1,221.2,218.7,6947.8,1944.36,5419.1
7,2025-04-16 13:10:08,72.06,14.73,75.66,217.9,217.0,221.5,5263.46,9929.97,1498.16
8,2025-04-16 13:10:08,99.94,64.58,84.01,214.2,211.4,228.7,4022.43,1774.03,2762.11
9,2025-04-16 13:10:08,95.32,61.74,57.6,227.4,211.8,220.2,7292.78,4774.37,7607.8
1,2025-04-16 13:10:08,77.97,44.2,72.51,226.2,223.9,226.8,5808.38,2447.45,5373.73
6,2025-04-16 13:10:08,71.8,65.07,50.62,230.0,212.1,229.9,9265.78,8885.9,9732.7
3,2025-04-16 13:10:08,66.55,54.74,70.08,221.2,212.3,211.1,5787.34,9320.55,329.27
5,2025-04-16 13:10:09,17.49,49.77,70.07,219.4,217.3,227.4,9543.09,4341.49,1049.55
2,2025-04-16 13:10:09,81.36,29.07,2.04,220.4,224.2,226.8,7317.83,9838.44,2965.18
4,2025-04-16 13:10:09,61.21,99.77,66.76,222.8,225.6,220.4,3188.65,285.43,9256.28
9,2025-04-16 13:10:09,20.54,57.32,96.46,223.6,220.3,221.8,6071.39,5152.36,1906.09
8,2025-04-16 13:10:09,26.24,18.49,69.04,214.1,213.1,216.0,127.73,1001.46,1523.19
3,2025-04-16 13:10:09,52.89,34.24,62.32,213.0,225.6,220.7,9983.89,645.77,7000.6
1,2025-04-16 13:10:09,5.13,78.2,29.1,226.8,217.0,226.3,44.27,1278.27,4178.22
6,2025-04-16 13:10:09,66.5,49.39,60.26,222.2,214.9,218.7,9953.69,6355.39,6835.15
0,2025-04-16 13:10:09,19.18,42.89,89.61,211.0,210.9,228.5,27.85,1788.48,9486.36
5,2025-04-16 13:10:10,92.89,28.82,23.25,213.2,224.4,224.2,1511.04,1433.32,3247.53
2,2025-04-16 13:10:10,93.45,72.14,36.78,227.3,222.1,225.6,1610.76,7989.68,6348.06
4,2025-04-16 13:10:10,14.51,54.03,47.65,228.6,224.0,212.0,4639.01,431.53,4716.04
7,2025-04-16 13:10:10,11.57,59.68,43.39,212.5,227.1,221.0,6108.74,2210.0,7930.95
8,2025-04-16 13:10:10,92.84,47.42,56.66,228.7,223.2,217.0,1407.53,3270.77,9757.66
9,2025-04-16 13:10:10,17.4,81.02,10.82,228.5,220.2,225.9,106.96,1206.65,1733.64
3,2025-04-16 13:10:10,6.66,44.42,37.74,223.2,227.6,215.4,1269.52,8300.12,8019.34
1,2025-04-16 13:10:10,77.58,29.63,53.29,217.9,222.7,221.6,767.33,7270.42,1259.72
5,2025-04-16 13:10:11,57.55,11.39,98.27,212.2,226.3,223.4,5828.76,2565.09,303.8
2,2025-04-16 13:10:11,19.27,86.16,16.19,218.0,218.1,216.2,4145.68,6709.2,8673.49
7,2025-04-16 13:10:11,36.18,91.68,62.65,210.2,226.5,210.7,3782.26,564.81,6619.42
4,2025-04-16 13:10:11,86.2,47.74,47.13,226.7,210.2,224.3,9127.0,9136.31,9234.77
9,2025-04-16 13:10:11,19.24,46.45,94.09,229.6,226.3,221.5,144.3,417.8,9890.26
8,2025-04-16 13:10:11,54.14,22.76,99.33,213.7,213.6,221.5,6223.94,5533.22,3545.19
0,2025-04-16 13:10:11,98.92,45.9,35.24,222.9,212.6,218.4,8170.55,8943.73,5011.68
1,2025-04-16 13:10:11,8.46,2.49,85.3,210.7,220.9,224.3,1571.04,297.77,7066.02
6,2025-04-16 13:10:11,49.77,26.15,44.36,223.9,218.8,223.5,8379.66,1892.67,7694.8
3,2025-04-16 13:10:11,67.8,66.74,92.51,220.5,229.1,216.3,4877.56,3804.52,2558.02
5,2025-04-16 13:10:12,17.58,14.88,31.59,217.4,222.6,229.1,1779.18,8221.39,2480.18
2,2025-04-16 13:10:12,83.92,74.06,61.45,213.2,216.1,210.9,3676.21,2896.22,3694.73
7,2025-04-16 13:10:12,27.57,87.26,72.82,212.9,219.5,223.0,3529.68,5255.34,7219.45
4,2025-04-16 13:10:12,80.72,18.57,36.36,226.8,222.7,225.5,3710.64,4610.42,5233.18
8,2025-04-16 13:10:12,42.94,57.23,17.25,215.8,217.2,213.2,4715.58,5878.24,9945.26
9,2025-04-16 13:10:12,98.28,70.5,43.55,215.9,213.7,217.1,2864.09,4795.73,8589.46
3,2025-04-16 13:10:12,25.53,95.67,41.5,224.8,212.4,229.3,503.84,8391.16,1202.51
6,2025-04-16 13:10:12,75.2,98.98,26.73,225.0,221.4,219.3,366.49,6866.18,9718.51
0,2025-04-16 13:10:12,81.59,23.53,45.53,215.4,228.4,228.2,8802.02,3785.71,176.89

5,2025-04-16 13:10:13,15.71,80.11,64.74,212.1,215.2,214.9,7231.6,1539.95,1377.88
2,2025-04-16 13:10:13,7.12,96.44,34.3,218.3,216.2,216.8,6222.59,6415.09,8987.41
4,2025-04-16 13:10:13,9.39,87.72,42.4,211.1,213.7,218.6,7823.52,3659.67,2366.61
9,2025-04-16 13:10:13,76.43,41.85,12.86,228.7,215.8,210.7,8890.99,438.26,8753.38
1,2025-04-16 13:10:13,52.56,65.27,94.12,212.2,226.9,211.9,6089.63,9978.69,227.33
3,2025-04-16 13:10:13,56.27,12.64,43.39,223.0,219.8,222.2,6851.12,7783.46,355.3
0,2025-04-16 13:10:13,87.37,51.05,83.8,223.3,221.0,212.3,3540.49,8701.4,4751.86
6,2025-04-16 13:10:13,26.75,96.16,5.54,210.8,219.7,216.2,3437.12,5695.71,6660.93
5,2025-04-16 13:10:14,77.46,86.9,88.79,217.1,229.3,217.9,4987.11,1559.49,7664.4
2,2025-04-16 13:10:14,59.84,73.05,35.45,213.6,224.3,215.4,9630.65,8690.48,8507.76
4,2025-04-16 13:10:14,20.8,50.45,1.18,225.8,224.3,221.8,3723.28,6612.65,3314.31
7,2025-04-16 13:10:14,26.72,69.59,99.44,219.3,213.7,224.8,3432.26,3938.61,1469.32
9,2025-04-16 13:10:14,9.18,65.76,82.01,216.6,210.8,216.2,864.82,639.19,5538.91
8,2025-04-16 13:10:14,66.65,55.38,47.11,222.6,220.0,214.9,1501.29,9623.23,3245.45
0,2025-04-16 13:10:14,87.54,49.6,60.2,220.9,225.2,227.8,7727.11,352.83,4292.67
1,2025-04-16 13:10:14,86.93,57.83,60.77,221.7,222.8,226.6,2676.24,4125.84,832.58
6,2025-04-16 13:10:14,27.77,23.83,3.87,211.2,213.4,212.0,6052.47,7422.12,6674.84
3,2025-04-16 13:10:14,54.46,50.73,90.99,222.0,227.2,211.8,4770.36,6124.0,9066.73
5,2025-04-16 13:10:15,48.44,77.46,61.76,210.9,228.5,220.2,3536.12,6521.45,6062.93
4,2025-04-16 13:10:15,14.46,56.52,8.18,211.8,215.2,227.8,783.71,4071.58,4443.29
7,2025-04-16 13:10:15,93.95,98.14,50.96,222.0,224.2,225.7,1404.42,6275.73,5185.89
8,2025-04-16 13:10:15,64.47,72.18,3.98,216.1,221.5,226.0,3332.84,8691.6,517.19
9,2025-04-16 13:10:15,87.03,32.28,94.87,218.7,211.4,223.9,7403.81,7374.88,6110.31
1,2025-04-16 13:10:15,59.12,51.66,53.21,217.2,223.5,226.8,6537.04,7871.73,5428.98
3,2025-04-16 13:10:15,51.22,87.96,71.56,227.4,210.7,224.8,1516.2,5296.3,600.79
6,2025-04-16 13:10:15,31.83,49.46,80.79,220.0,223.5,228.1,5669.68,8877.88,405.68
5,2025-04-16 13:10:16,10.83,34.67,64.72,214.0,227.9,227.2,4522.76,7657.6,4914.85

4,2025-04-16 13:10:16,75.81,88.97,73.09,228.3,214.1,223.4,4288.03,7901.45,7407.67
9,2025-04-16 13:10:16,70.6,42.61,14.83,218.2,211.2,217.7,4695.54,3241.73,7290.94
8,2025-04-16 13:10:16,85.53,4.17,74.21,227.6,228.9,222.5,7629.2,6156.62,6047.1
7,2025-04-16 13:10:16,64.8,39.57,88.59,224.3,211.1,213.0,3013.53,9345.68,1565.22
1,2025-04-16 13:10:16,83.37,39.96,42.85,227.5,212.2,214.3,6740.63,3026.17,8298.33
0,2025-04-16 13:10:16,54.25,81.52,94.92,219.9,210.2,220.8,5417.45,1481.21,3077.34
3,2025-04-16 13:10:16,76.72,96.3,15.03,219.2,214.7,224.6,9074.37,6722.18,7757.2
6,2025-04-16 13:10:16,54.96,24.1,76.46,219.7,210.4,220.5,653.8,9891.8,549.09
2,2025-04-16 13:10:17,90.68,14.95,84.04,218.5,220.6,222.4,6455.61,4906.81,9090.83
5,2025-04-16 13:10:17,7.36,64.96,91.41,219.5,223.1,225.5,8544.63,1689.57,4474.28
9,2025-04-16 13:10:17,96.7,52.36,35.64,215.0,217.8,219.6,2582.53,5961.48,2478.79
8,2025-04-16 13:10:17,73.84,61.56,46.2,216.3,224.3,229.0,2798.69,9495.38,1342.62
7,2025-04-16 13:10:17,82.93,59.9,61.64,213.9,221.5,210.6,2504.74,2331.52,2973.56
1,2025-04-16 13:10:17,17.24,35.53,19.12,224.0,226.3,224.1,7312.09,8646.18,9603.72
0,2025-04-16 13:10:17,56.39,98.06,17.28,229.6,220.3,217.8,9915.47,9544.05,1267.41
6,2025-04-16 13:10:17,19.47,97.27,36.11,224.5,216.1,214.5,1641.39,3241.2,5109.99
3,2025-04-16 13:10:17,71.18,56.82,93.09,225.7,215.0,220.2,2475.16,9064.11,1312.35
4,2025-04-16 13:10:18,5.13,28.1,24.79,225.5,210.9,221.5,6861.55,347.64,4555.82
2,2025-04-16 13:10:18,86.06,43.42,37.33,216.8,224.8,225.4,5673.18,4776.72,3525.23
9,2025-04-16 13:10:18,56.74,32.78,44.32,229.4,215.7,221.4,5972.52,2624.16,571.12
5,2025-04-16 13:10:18,32.06,27.11,91.27,227.7,221.6,211.9,4723.13,3549.56,5486.23
8,2025-04-16 13:10:18,66.84,38.71,13.52,213.7,227.3,215.2,8695.43,1014.84,1375.34
7,2025-04-16 13:10:18,65.34,1.69,79.94,225.0,217.9,221.7,2634.46,305.42,5988.4
1,2025-04-16 13:10:18,57.6,40.81,21.65,225.3,217.8,214.4,581.44,8452.35,6406.94
6,2025-04-16 13:10:18,15.59,22.89,20.24,224.6,228.7,218.0,8954.43,873.37,1436.03
3,2025-04-16 13:10:18,57.99,78.4,43.42,218.4,211.9,220.7,5205.54,5922.05,2135.69
0,2025-04-16 13:10:18,75.57,97.87,18.75,229.3,220.6,217.7,8923.55,2901.6,6498.05
4,2025-04-16 13:10:19,17.14,2.55,28.99,223.5,221.3,211.7,8504.55,273.09,1498.49
2,2025-04-16 13:10:19,12.85,27.1,92.56,216.5,214.2,225.5,20.84,6592.99,4303.71
8,2025-04-16 13:10:19,85.39,51.01,93.79,225.7,213.9,218.1,6213.22,7520.98,6822.48
5,2025-04-16 13:10:19,24.29,34.87,40.42,229.3,222.8,226.7,5790.03,3187.81,1175.84
9,2025-04-16 13:10:19,66.01,93.96,28.76,213.1,218.9,219.8,9865.8,3564.41,7503.73
7,2025-04-16 13:10:19,70.07,43.57,26.18,220.7,224.8,218.7,4655.61,7151.86,9764.96
1,2025-04-16 13:10:19,43.61,3.57,29.97,224.2,214.1,211.9,1814.16,7491.45,9641.54
0,2025-04-16 13:10:19,32.19,24.0,38.79,227.0,226.8,212.1,6970.45,8597.67,5000.26
3,2025-04-16 13:10:19,77.02,9.35,29.49,223.8,215.4,220.6,9754.56,8611.18,1249.46
6,2025-04-16 13:10:19,90.26,88.19,46.46,214.2,215.2,214.8,8308.8,9258.14,9343.03
4,2025-04-16 13:10:20,54.04,64.42,0.6,229.1,225.4,219.9,9976.0,5221.49,519.8
8,2025-04-16 13:10:20,51.44,85.77,88.46,229.5,211.0,213.7,5554.31,3904.02,6325.55
9,2025-04-16 13:10:20,76.39,58.45,69.81,212.4,223.6,222.9,9610.27,104.91,5434.5
5,2025-04-16 13:10:20,59.86,16.68,21.4,211.1,218.7,219.8,231.87,5189.25,6835.67
2,2025-04-16 13:10:20,69.73,18.25,30.62,227.3,217.2,215.4,4888.9,1486.53,7374.21
7,2025-04-16 13:10:20,34.44,27.79,8.72,216.5,224.0,227.0,7058.76,1411.18,4018.0
1,2025-04-16 13:10:20,9.42,42.38,57.82,210.7,219.7,210.3,8181.06,3119.96,88.64
3,2025-04-16 13:10:20,34.43,48.81,49.01,214.8,210.4,219.4,4248.37,7770.64,3477.54
6,2025-04-16 13:10:20,87.33,39.4,46.2,228.1,218.9,219.8,1384.42,6215.1,4222.96
0,2025-04-16 13:10:20,40.34,4.08,76.31,223.0,213.9,220.3,7638.01,1248.29,2401.87
4,2025-04-16 13:10:21,22.19,63.73,90.54,229.3,215.9,214.0,7859.56,839.83,8064.88
9,2025-04-16 13:10:21,53.27,14.54,62.8,211.1,218.5,211.1,6340.36,8400.35,9795.37
5,2025-04-16 13:10:21,31.86,59.04,67.47,226.4,215.6,222.1,4776.01,6733.4,9403.17
2,2025-04-16 13:10:21,61.08,38.6,27.27,224.7,226.2,221.7,630.06,6814.78,9670.25
7,2025-04-16 13:10:21,37.45,26.42,22.58,213.9,224.3,221.3,2384.27,6958.55,9188.43
8,2025-04-16 13:10:21,46.29,25.83,79.07,217.5,219.4,219.0,1774.31,7793.53,7830.1
1,2025-04-16 13:10:21,68.21,57.49,39.47,212.1,213.5,217.3,9403.15,7550.87,1410.45
3,2025-04-16 13:10:21,47.66,32.01,48.63,223.7,213.5,216.4,9806.73,222.37,2457.74
0,2025-04-16 13:10:21,54.16,75.44,79.11,227.8,220.5,217.6,8076.74,4850.08,8822.86
6,2025-04-16 13:10:21,4.69,30.12,39.45,220.5,219.8,225.5,3546.39,385.43,1266.89
4,2025-04-16 13:10:22,6.62,57.31,78.7,223.7,228.6,211.4,4269.3,3732.02,8378.37
9,2025-04-16 13:10:22,42.79,57.75,32.05,228.1,223.7,214.9,9302.51,2752.92,4005.17
5,2025-04-16 13:10:22,37.28,54.77,13.86,210.8,218.6,213.1,5988.85,9009.08,2794.99
2,2025-04-16 13:10:22,19.87,91.55,80.81,210.4,227.9,217.4,8029.46,8441.64,3150.22
1,2025-04-16 13:10:22,82.29,89.7,78.52,212.1,218.8,225.6,5926.44,694.91,1810.39
8,2025-04-16 13:10:22,53.51,68.84,85.69,222.4,219.6,216.7,5591.56,3601.0,8546.06
7,2025-04-16 13:10:22,15.38,32.75,86.4,221.5,217.6,215.2,6812.83,8056.01,7107.3
6,2025-04-16 13:10:22,60.71,3.36,45.62,215.1,221.2,219.4,4090.66,5108.97,1055.06
0,2025-04-16 13:10:22,79.22,54.72,55.79,220.9,227.0,216.8,2945.68,8709.52,4975.37
3,2025-04-16 13:10:22,75.34,98.76,38.72,221.0,222.0,221.9,8956.01,8123.2,6955.34
4,2025-04-16 13:10:23,34.89,22.2,80.18,229.0,220.6,212.1,9267.36,8149.49,5365.14
9,2025-04-16 13:10:23,42.79,71.82,31.09,219.2,229.4,224.2,6882.62,5017.99,1951.78
5,2025-04-16 13:10:23,33.9,77.86,58.09,210.1,217.5,214.3,7539.85,7858.78,6584.02
7,2025-04-16 13:10:23,68.55,77.28,31.11,224.4,227.2,219.1,6434.48,6975.84,9566.98
2,2025-04-16 13:10:23,93.64,69.14,6.73,221.7,226.1,213.9,5109.16,4899.87,8335.6
0,2025-04-16 13:10:23,14.97,33.05,3.87,224.4,210.2,210.9,4432.93,8126.53,9038.09
3,2025-04-16 13:10:23,6.71,30.68,47.49,213.9,219.3,211.2,9408.99,9671.26,5489.21
6,2025-04-16 13:10:23,52.44,3.16,20.99,217.6,219.2,212.9,9596.66,2520.13,1181.75
8,2025-04-16 13:10:23,59.38,49.66,33.63,221.7,218.3,213.2,2784.51,1913.81,7720.73
1,2025-04-16 13:10:23,38.52,26.88,13.33,217.7,210.4,212.0,4135.75,8006.5,9861.61
4,2025-04-16 13:10:24,98.57,57.59,47.53,229.9,223.5,215.3,7225.12,6922.86,8792.4
9,2025-04-16 13:10:24,60.86,34.21,33.49,217.4,229.6,212.3,7759.9,3055.77,8062.36
5,2025-04-16 13:10:24,39.78,56.46,26.96,212.1,214.7,227.3,1057.66,5094.63,5115.89
7,2025-04-16 13:10:24,22.47,12.85,11.57,219.6,223.8,225.6,4852.99,1478.66,3167.63
2,2025-04-16 13:10:24,13.5,46.41,96.4,228.0,220.2,214.6,7092.59,8265.69,1956.15
3,2025-04-16 13:10:24,51.66,22.94,3.61,222.8,210.3,223.9,5159.53,1193.68,9778.34
0,2025-04-16 13:10:24,73.15,94.4,75.38,223.5,211.6,218.2,3209.94,3023.49,2731.23
8,2025-04-16 13:10:24,70.15,14.82,85.69,219.1,226.0,210.5,5180.02,4383.78,4497.29
6,2025-04-16 13:10:24,91.3,31.46,11.75,223.3,229.9,227.5,215.43,5750.46,7338.76
1,2025-04-16 13:10:24,70.81,84.69,51.93,220.0,210.4,228.6,7491.62,6475.62,7567.83
4,2025-04-16 13:10:25,58.62,44.81,78.3,227.2,221.1,226.1,2875.86,7337.26,4069.64
9,2025-04-16 13:10:25,76.31,22.67,5.45,219.5,222.8,215.7,3991.94,96.62,6147.81
5,2025-04-16 13:10:25,56.16,68.88,47.12,212.9,215.5,216.1,78.0,3736.78,8996.22
2,2025-04-16 13:10:25,40.53,14.22,57.52,222.2,220.6,213.9,1452.75,322.79,1698.57
6,2025-04-16 13:10:25,74.12,77.97,99.89,211.9,215.7,225.4,5246.55,966.36,8464.45

1,2025-04-16 13:10:25,42.22,16.78,68.58,228.2,220.1,226.4,5000.14,1995.68,2410.16
8,2025-04-16 13:10:25,97.67,34.71,30.16,225.7,225.3,229.8,958.86,1560.71,1199.95
0,2025-04-16 13:10:25,97.53,65.22,42.83,220.3,222.8,217.2,2784.28,4782.71,2444.84
4,2025-04-16 13:10:26,89.49,90.98,60.38,219.5,210.9,227.1,8814.89,7921.26,793.56
9,2025-04-16 13:10:26,35.94,99.36,40.5,228.9,218.0,221.9,762.21,3249.51,6776.31
5,2025-04-16 13:10:26,66.63,15.06,78.54,216.0,222.0,218.9,9823.24,7521.95,3029.55
2,2025-04-16 13:10:26,5.41,61.36,98.1,211.8,213.3,222.0,6243.3,8527.06,5413.49
7,2025-04-16 13:10:26,38.9,69.92,7.05,211.2,221.2,219.4,6955.8,2582.51,7732.99
8,2025-04-16 13:10:26,85.28,57.53,71.46,215.5,212.2,212.1,5483.73,2045.89,6258.42
3,2025-04-16 13:10:26,4.96,23.89,15.12,217.4,219.4,220.0,774.3,5531.92,3148.72
6,2025-04-16 13:10:26,59.65,85.12,15.45,229.3,223.1,222.0,1024.19,7720.68,541.64
0,2025-04-16 13:10:26,29.82,44.02,11.48,227.1,215.5,218.3,8209.26,9875.47,4073.5
4,2025-04-16 13:10:27,17.8,47.92,64.1,221.2,215.0,227.8,2301.38,4985.23,1671.78
9,2025-04-16 13:10:27,19.24,13.95,98.98,215.3,228.4,213.6,5349.16,4433.3,8966.05
5,2025-04-16 13:10:27,22.48,84.39,85.01,213.1,210.1,225.5,442.26,2020.64,9674.79
7,2025-04-16 13:10:27,48.82,23.84,17.49,220.6,229.9,212.4,6887.96,7430.71,714.89
1,2025-04-16 13:10:27,64.72,32.01,86.83,221.8,220.5,219.1,3207.32,9318.4,9740.66
8,2025-04-16 13:10:27,91.85,6.43,83.2,215.0,213.4,210.8,3693.89,5033.86,569.77
0,2025-04-16 13:10:27,63.17,39.16,50.73,224.5,212.2,211.4,3279.64,7247.28,5336.93
6,2025-04-16 13:10:27,61.78,90.38,42.79,228.9,216.0,224.1,9145.16,5448.68,8585.1
4,2025-04-16 13:10:28,48.65,72.49,31.45,216.3,222.8,216.3,9198.44,5940.6,9047.19
9,2025-04-16 13:10:28,55.32,64.99,57.13,214.5,213.5,225.1,3643.5,2085.73,9267.7
5,2025-04-16 13:10:28,78.77,90.68,33.31,222.0,228.2,222.5,9697.43,3361.81,8771.45
2,2025-04-16 13:10:28,95.46,2.79,98.44,220.0,212.6,224.0,7218.23,6139.87,4950.64
7,2025-04-16 13:10:28,67.65,28.18,85.32,215.0,227.2,226.7,9356.73,3971.96,2225.62
6,2025-04-16 13:10:28,52.17,78.78,68.05,213.9,221.8,228.9,6999.6,5663.4,891.83
3,2025-04-16 13:10:28,30.7,64.0,55.8,223.3,214.8,225.5,7833.49,9031.76,1062.44

0,2025-04-16 13:10:28,88.13,76.66,59.09,223.7,229.7,212.3,6866.2,5194.36,9543.34
1,2025-04-16 13:10:28,20.44,49.39,45.75,213.1,223.2,229.0,3403.4,4854.42,7544.86
4,2025-04-16 13:10:29,43.57,25.76,59.12,227.8,225.2,225.1,7234.87,1054.02,2347.38
9,2025-04-16 13:10:29,94.39,7.87,81.1,218.7,226.5,216.1,2033.98,7904.28,2428.43
5,2025-04-16 13:10:29,71.8,58.73,90.57,221.4,229.6,216.8,1996.76,3496.1,9774.8
7,2025-04-16 13:10:29,45.73,25.05,90.7,210.5,228.2,216.5,30.42,8255.71,4537.0
2,2025-04-16 13:10:29,81.47,5.19,89.88,227.5,215.7,212.1,4617.54,2503.62,4118.78
1,2025-04-16 13:10:29,97.24,3.83,2.33,216.9,215.4,223.9,8109.83,7146.82,8237.93
3,2025-04-16 13:10:29,75.25,21.66,48.67,227.3,215.8,225.9,7914.89,6188.59,7853.48
6,2025-04-16 13:10:29,20.26,70.5,37.66,229.7,226.3,226.4,2798.12,5786.47,5189.64
8,2025-04-16 13:10:29,84.84,20.46,27.85,216.9,224.3,216.5,422.61,1220.52,9973.7
4,2025-04-16 13:10:30,27.45,82.59,6.69,224.5,213.0,229.4,416.71,4883.15,3631.67
9,2025-04-16 13:10:30,87.96,67.45,11.91,227.0,225.2,221.5,2377.64,2541.97,7044.91
5,2025-04-16 13:10:30,82.85,44.81,41.94,211.8,225.9,210.2,7548.81,2108.3,7949.66
7,2025-04-16 13:10:30,17.43,7.66,56.15,218.9,215.7,226.9,3615.05,1069.02,876.05
2,2025-04-16 13:10:30,34.4,77.39,28.74,215.5,219.6,210.2,6360.82,6527.67,2458.67
1,2025-04-16 13:10:30,62.37,18.46,0.54,214.2,228.7,211.1,7632.41,7426.51,2537.34
0,2025-04-16 13:10:30,52.75,95.55,92.61,225.9,218.8,220.9,1340.88,11.36,1230.29
3,2025-04-16 13:10:30,3.2,77.84,3.15,226.5,217.9,212.9,3096.59,280.39,9690.62
6,2025-04-16 13:10:30,27.67,77.8,62.37,214.8,210.8,215.3,2150.45,879.84,6203.05
8,2025-04-16 13:10:30,68.69,23.95,23.68,214.9,210.2,219.5,1959.28,1239.63,6993.63
4,2025-04-16 13:10:31,14.24,38.36,79.92,228.8,228.6,218.8,6953.98,5907.76,203.31
9,2025-04-16 13:10:31,60.06,13.37,5.12,210.3,216.3,228.2,1579.31,6918.85,7507.8
5,2025-04-16 13:10:31,49.62,59.21,40.46,212.3,222.4,223.1,9082.33,8568.63,7441.36
2,2025-04-16 13:10:31,11.56,17.07,52.56,224.5,211.9,228.8,2449.54,9914.29,8641.59
7,2025-04-16 13:10:31,48.78,17.89,28.44,216.0,224.5,228.6,1571.38,7772.36,8010.55
1,2025-04-16 13:10:31,31.21,39.4,83.46,216.2,227.1,221.2,2577.41,8998.34,4764.81
3,2025-04-16 13:10:31,67.32,70.42,10.02,222.0,218.0,228.9,5980.3,4689.25,9983.75
0,2025-04-16 13:10:31,18.42,13.26,19.56,220.6,213.7,221.9,4684.45,1524.61,8963.65
8,2025-04-16 13:10:31,98.74,29.42,24.44,211.8,227.4,217.1,9333.87,3158.39,6223.81
6,2025-04-16 13:10:31,73.22,5.48,42.08,210.4,222.9,216.0,9695.17,329.34,8323.41
4,2025-04-16 13:10:32,68.4,8.59,21.63,216.5,227.6,216.4,4089.49,8117.92,5338.37

5,2025-04-16 13:10:32,74.57,26.03,89.95,217.3,218.7,219.0,8172.31,6733.18,2492.52
2,2025-04-16 13:10:32,5.48,95.6,61.13,227.0,210.6,222.3,4531.76,5993.93,7248.43
7,2025-04-16 13:10:32,0.99,74.71,42.63,223.4,223.8,221.0,5381.98,5664.92,956.03
1,2025-04-16 13:10:32,7.13,8.14,29.05,228.3,221.9,226.5,2407.14,257.2,1493.61
3,2025-04-16 13:10:32,96.24,27.31,82.71,224.6,217.9,210.4,3737.03,1236.09,7419.72
6,2025-04-16 13:10:32,16.08,62.39,59.54,223.2,211.7,215.0,4979.95,8078.73,2507.37
0,2025-04-16 13:10:32,57.76,56.92,38.53,229.8,213.7,222.8,6143.42,5166.43,6549.23
9,2025-04-16 13:10:33,12.48,56.65,27.72,221.3,213.0,222.5,9408.6,2117.52,6938.68
5,2025-04-16 13:10:33,36.42,95.27,32.52,222.7,210.6,211.0,8331.42,241.88,9525.18
7,2025-04-16 13:10:33,57.67,65.72,64.36,227.8,211.8,224.8,4297.41,3134.37,6720.35
2,2025-04-16 13:10:33,44.02,42.48,81.35,217.3,221.8,210.0,3082.46,376.64,8921.53
1,2025-04-16 13:10:33,83.81,63.1,1.2,219.1,215.9,221.0,984.96,4800.08,8339.96
0,2025-04-16 13:10:33,50.15,42.71,13.9,214.3,223.2,218.0,1239.46,8874.96,1684.59
6,2025-04-16 13:10:33,23.66,21.78,3.67,229.1,226.1,216.5,7604.55,8358.67,4125.58
3,2025-04-16 13:10:33,7.07,93.4,79.25,223.9,229.7,218.6,7518.14,6832.91,8319.44
8,2025-04-16 13:10:33,69.39,21.51,87.02,224.2,210.7,219.6,5959.16,1975.54,2349.22
4,2025-04-16 13:10:34,87.76,38.31,60.81,226.0,228.8,226.8,178.07,3762.94,3518.08
5,2025-04-16 13:10:34,90.5,33.49,51.55,213.5,224.7,214.7,4403.5,8364.69,8653.67
7,2025-04-16 13:10:34,17.12,86.15,30.56,217.0,225.5,225.1,6977.31,9284.65,9756.97
2,2025-04-16 13:10:34,43.96,54.53,52.36,223.0,221.8,212.7,2346.41,7293.26,7089.27
1,2025-04-16 13:10:34,98.71,24.91,78.2,218.0,223.7,225.4,5058.11,3592.05,2690.54
3,2025-04-16 13:10:34,80.47,62.43,29.75,218.2,216.5,222.6,9164.97,6244.79,4925.36
8,2025-04-16 13:10:34,47.61,74.31,7.03,220.1,229.4,225.8,6676.16,2873.59,7500.19
6,2025-04-16 13:10:34,24.34,71.36,94.38,227.7,217.3,228.5,4813.97,6622.39,5796.76
0,2025-04-16 13:10:34,70.7,39.2,44.0,225.4,216.6,219.6,6683.87,4448.31,1864.45
4,2025-04-16 13:10:35,0.15,43.7,19.18,217.6,216.0,213.9,3772.31,8191.55,6475.99
9,2025-04-16 13:10:35,83.8,17.74,14.55,210.0,218.8,223.8,2384.32,4788.68,3184.54
5,2025-04-16 13:10:35,69.67,5.87,62.48,212.1,216.7,225.7,4777.23,4396.24,5544.38
7,2025-04-16 13:10:35,79.93,37.91,18.46,217.5,228.3,212.2,9216.06,88.42,9287.48
2,2025-04-16 13:10:35,26.26,29.92,16.9,216.4,213.5,221.7,1349.55,9599.07,2730.23
1,2025-04-16 13:10:35,64.53,43.68,49.51,225.7,212.3,229.7,2790.19,1798.29,9192.4
0,2025-04-16 13:10:35,39.27,8.4,59.71,227.8,217.8,218.5,1293.85,3701.32,5019.16
3,2025-04-16 13:10:35,63.44,4.59,50.42,217.5,228.1,226.7,1278.56,9433.01,6836.79
8,2025-04-16 13:10:35,65.24,56.77,74.32,221.9,214.5,212.0,6050.78,8256.09,7937.17
6,2025-04-16 13:10:35,10.96,43.35,72.67,226.9,220.4,212.6,6863.17,4826.69,5435.94
5,2025-04-16 13:10:36,77.63,65.87,23.5,211.2,225.6,227.9,7979.62,6918.32,5809.73
4,2025-04-16 13:10:36,78.34,90.04,65.33,212.3,226.6,212.5,6753.61,3716.92,1463.02
7,2025-04-16 13:10:36,67.79,17.81,27.59,229.4,213.7,218.2,7600.6,2581.16,386.58
2,2025-04-16 13:10:36,50.87,61.44,38.07,221.1,222.3,229.0,8429.95,176.99,3640.32
1,2025-04-16 13:10:36,72.25,74.82,3.94,215.2,223.4,226.1,7771.44,8228.85,7763.68
8,2025-04-16 13:10:36,84.22,96.18,46.38,228.4,219.2,220.4,5465.63,827.17,6239.89
6,2025-04-16 13:10:36,50.75,74.5,82.79,210.4,226.0,217.5,1635.09,8591.51,1568.32
3,2025-04-16 13:10:36,42.53,28.18,29.86,228.8,226.9,226.3,6770.06,4197.86,3915.2
0,2025-04-16 13:10:36,20.7,22.59,29.68,218.2,228.5,216.7,9891.72,6744.14,9198.6
5,2025-04-16 13:10:37,92.53,58.66,44.54,227.0,212.8,219.1,7089.01,4585.87,854.03
2,2025-04-16 13:10:37,72.5,99.44,42.32,212.0,217.2,212.8,7078.4,441.3,5547.9
.62
1,2025-04-16 13:10:37,49.26,38.09,76.2,216.6,220.2,225.4,4192.22,7882.12,8690.7
3,2025-04-16 13:10:37,88.87,92.44,39.05,213.7,222.6,217.2,8963.55,9947.91,467.9
6,2025-04-16 13:10:37,37.14,56.55,32.67,222.8,219.6,217.6,1535.15,7173.78,2572.6
0,2025-04-16 13:10:37,7.3,29.11,78.12,217.7,220.3,221.3,4646.35,9005.99,5364.71
5,2025-04-16 13:10:38,37.01,45.43,4.44,223.2,211.5,219.4,1364.38,7989.57,1621.1
4,2025-04-16 13:10:38,30.4,1.29,55.83,229.1,211.4,224.3,2857.6,4114.38,6629.11
9,2025-04-16 13:10:38,66.51,65.66,87.5,221.8,221.7,218.7,9678.66,6452.13,9188.21
7,2025-04-16 13:10:38,20.97,39.39,22.5,212.9,212.1,218.9,40.34,8106.44,9594.37
2,2025-04-16 13:10:38,31.9,68.92,73.08,216.2,221.9,225.4,1815.16,650.4,6274.3
1,2025-04-16 13:10:38,63.0,1.22,66.48,229.8,215.6,216.7,2468.96,2993.4,9894.55
8,2025-04-16 13:10:38,78.25,67.12,10.2,214.9,228.4,214.4,6836.98,1713.08,2860.17
0,2025-04-16 13:10:38,71.98,76.0,10.05,217.9,210.9,224.4,4099.26,9564.55,7798.38
3,2025-04-16 13:10:38,14.78,50.29,34.76,216.7,227.8,223.7,3594.63,8145.4,6523.12
6,2025-04-16 13:10:38,64.3,10.99,67.42,229.1,217.5,212.7,637.92,5593.88,4237.24
9,2025-04-16 13:10:39,44.55,30.02,47.55,219.4,224.6,214.1,9777.49,7248.45,6504.27
2,2025-04-16 13:10:39,79.14,9.78,29.47,226.3,210.9,219.4,1354.86,4913.61,6425.37
5,2025-04-16 13:10:39,10.6,42.54,68.58,229.4,220.1,220.9,7259.24,9973.71,82.04
7,2025-04-16 13:10:39,91.24,13.83,23.43,217.0,227.2,216.2,8943.79,5355.28,2121.53
4,2025-04-16 13:10:39,19.5,91.14,80.91,217.4,212.3,212.6,9949.51,6205.62,7281.65
1,2025-04-16 13:10:39,94.62,9.3,96.21,228.1,220.6,220.0,8272.01,1526.17,1757.18
8,2025-04-16 13:10:39,74.54,4.45,81.48,216.4,225.2,217.3,1063.86,9581.44,5045.01
6,2025-04-16 13:10:39,46.74,84.3,79.04,214.6,225.6,225.5,7533.13,8226.34,7573.26
3,2025-04-16 13:10:39,98.13,6.2,61.08,227.8,218.1,210.6,9598.35,8177.41,2227.73
0,2025-04-16 13:10:39,35.18,43.29,85.54,222.0,219.1,210.7,2943.6,3867.44,1333.52
9,2025-04-16 13:10:40,86.43,3.35,55.85,212.9,226.1,220.3,9510.92,9685.55,3250.46
7,2025-04-16 13:10:40,31.56,38.43,64.55,215.2,216.5,228.6,7103.03,7940.18,4194.11
5,2025-04-16 13:10:40,53.93,72.38,3.53,212.6,215.5,229.7,5568.34,4170.66,2109.28
2,2025-04-16 13:10:40,2.51,85.71,64.42,211.1,214.4,224.7,6714.83,9417.89,6490.75
4,2025-04-16 13:10:40,91.28,38.36,6.81,223.7,230.0,215.5,9685.96,7607.43,6911.04
1,2025-04-16 13:10:40,87.41,6.11,61.38,218.8,222.4,223.0,2242.73,7114.94,8857.47
8,2025-04-16 13:10:40,12.99,12.49,76.85,211.5,229.1,212.5,897.01,5924.38,3029.2
6,2025-04-16 13:10:40,8.74,68.43,58.94,218.5,217.6,227.3,9384.06,8506.73,845.26
3,2025-04-16 13:10:40,44.3,47.13,51.04,220.9,212.1,222.6,7739.74,5933.15,8808.87
0,2025-04-16 13:10:40,62.04,84.21,81.52,217.7,229.6,210.2,2845.46,8847.19,3985.05
9,2025-04-16 13:10:41,83.3,81.33,93.22,212.3,222.0,217.2,7500.65,5113.81,9527.48
7,2025-04-16 13:10:41,71.39,42.19,99.27,213.2,212.1,210.8,8324.8,9472.07,1591.43
4,2025-04-16 13:10:41,65.45,90.4,51.33,220.2,211.4,221.7,713.54,2692.28,1085.65
2,2025-04-16 13:10:41,57.77,13.08,88.35,224.5,217.3,218.9,9452.05,9821.03,6885.3
5,2025-04-16 13:10:41,87.31,75.63,13.68,221.5,229.8,225.9,7094.03,6449.17,1272.53
1,2025-04-16 13:10:41,63.98,54.45,61.47,222.3,224.2,217.8,2904.79,234.2,4110.66
8,2025-04-16 13:10:41,47.09,32.55,95.5,223.8,229.5,222.0,4437.34,6981.05,5027.34
0,2025-04-16 13:10:41,55.33,98.21,82.09,228.6,221.0,216.4,1779.07,3043.63,1240.85
3,2025-04-16 13:10:41,93.9,30.45,8.19,228.3,213.8,227.3,1429.67,9450.36,9124.94
6,2025-04-16 13:10:41,89.94,30.26,34.62,210.6,229.5,225.5,9220.93,2397.23,3934.87
9,2025-04-16 13:10:42,35.22,93.36,86.88,229.0,221.1,223.0,9496.81,466.96,6065.51
7,2025-04-16 13:10:42,61.38,66.61,55.78,219.1,221.4,229.6,5581.49,8770.34,1139.07
4,2025-04-16 13:10:42,99.57,32.44,14.07,228.8,210.1,227.5,7577.34,8462.81,2018.6
2,2025-04-16 13:10:42,3.73,22.43,2.74,222.5,212.0,214.8,6558.35,316.88,7023.57
5,2025-04-16 13:10:42,65.21,35.41,84.8,216.4,213.4,217.3,6851.77,7841.89,31.13
1,2025-04-16 13:10:42,87.58,55.05,8.17,217.7,225.7,227.7,9909.02,9883.33,9512.34
8,2025-04-16 13:10:42,69.33,71.61,15.63,228.8,228.8,228.7,8203.01,3443.52,7047.44
6,2025-04-16 13:10:42,61.57,50.58,25.65,223.7,227.7,219.4,5447.75,6202.67,9123.6
3,2025-04-16 13:10:42,62.34,42.33,29.3,214.3,219.3,213.8,1775.73,2796.61,7243.1
0,2025-04-16 13:10:42,16.42,96.37,38.07,211.5,220.9,226.7,374.85,2257.15,2262.06
9,2025-04-16 13:10:43,61.09,26.72,48.4,212.9,228.6,218.1,1333.42,7473.35,2470.55
4,2025-04-16 13:10:43,70.46,40.39,2.93,218.3,221.4,229.7,2693.08,5962.73,8260.47
7,2025-04-16 13:10:43,29.33,65.35,26.86,210.4,221.9,229.8,2858.83,8688.17,7435.0
2,2025-04-16 13:10:43,93.82,40.96,56.64,212.9,215.3,216.4,2961.95,7238.57,1858.2
5,2025-04-16 13:10:43,55.76,62.06,54.8,225.3,223.6,213.4,7321.04,5282.97,1146.59
1,2025-04-16 13:10:43,63.75,40.16,74.21,215.6,221.5,225.0,1719.4,6824.74,4999.43
0,2025-04-16 13:10:43,18.5,72.17,95.85,211.1,213.3,228.5,5345.23,7426.22,946.18
3,2025-04-16 13:10:43,50.34,99.14,40.26,210.3,222.2,218.9,9419.33,8564.25,3000.05
6,2025-04-16 13:10:43,35.18,13.71,7.33,222.1,222.8,217.0,5357.3,7859.37,3183.85
8,2025-04-16 13:10:43,91.7,31.95,57.71,219.6,229.8,228.2,5751.83,8803.61,8761.06
9,2025-04-16 13:10:44,36.57,46.96,84.41,219.9,227.6,218.6,4590.57,5123.46,3270.26
7,2025-04-16 13:10:44,58.57,88.97,60.28,222.5,225.2,215.4,1892.26,7184.43,6648.9
4,2025-04-16 13:10:44,64.9,44.38,96.58,224.0,210.9,228.6,2791.44,8490.04,9091.51
2,2025-04-16 13:10:44,44.66,52.28,66.34,213.0,223.7,228.5,3741.67,735.4,2369.86
5,2025-04-16 13:10:44,4.35,84.74,82.72,214.8,214.8,215.7,5840.99,4144.7,5762.8
1,2025-04-16 13:10:44,67.96,75.34,68.38,216.2,223.0,222.0,8219.6,6036.08,5104.37
6,2025-04-16 13:10:44,39.0,12.45,45.43,212.7,219.5,218.3,1157.93,7117.07,1087.53
8,2025-04-16 13:10:44,36.49,99.04,87.77,223.9,217.1,226.2,9284.97,8948.67,4138.41
3,2025-04-16 13:10:44,43.34,5.84,93.65,226.0,222.2,229.7,1164.95,3399.7,2330.85
0,2025-04-16 13:10:44,27.05,53.41,1.08,211.8,213.9,211.0,3192.92,6460.28,1130.89
9,2025-04-16 13:10:45,2.13,4.16,5.82,219.3,226.4,210.7,3784.47,3528.3,2523.02
7,2025-04-16 13:10:45,33.47,78.53,68.97,220.8,216.3,223.8,6062.62,7320.01,1621.02
4,2025-04-16 13:10:45,83.86,50.67,87.07,210.7,217.1,213.6,990.13,6191.88,7967.01
5,2025-04-16 13:10:45,53.27,79.11,57.87,217.0,223.4,213.1,2890.29,1740.9,8711.62
2,2025-04-16 13:10:45,28.44,19.02,72.15,228.8,212.6,212.9,2882.48,358.56,8599.0
1,2025-04-16 13:10:45,65.79,56.61,64.98,218.2,225.4,227.7,3100.11,9004.15,1852.16
8,2025-04-16 13:10:45,34.82,36.07,0.43,227.4,224.5,221.1,3113.07,1494.8,690.45

0,2025-04-16 13:10:45,6.28,44.93,22.99,213.7,219.2,228.5,5709.86,808.17,2240.92
6,2025-04-16 13:10:45,75.13,46.03,21.61,220.9,213.4,212.6,6255.38,3043.99,1692.95
9,2025-04-16 13:10:46,78.17,32.26,45.59,228.2,226.8,213.2,7220.94,5468.6,3015.65
4,2025-04-16 13:10:46,94.63,75.57,94.49,211.0,228.9,222.5,4676.73,2593.23,6328.11
7,2025-04-16 13:10:46,67.6,14.92,52.89,219.6,223.6,218.6,3011.36,125.2,5601.82
5,2025-04-16 13:10:46,46.34,7.78,39.37,225.8,221.1,229.8,8583.34,8284.08,3425.0
2,2025-04-16 13:10:46,41.62,52.82,12.41,214.4,214.0,216.2,8611.51,4280.43,7797.01
1,2025-04-16 13:10:46,51.85,64.34,37.2,224.5,226.4,218.0,8471.91,4723.18,1849.4
6,2025-04-16 13:10:46,94.53,14.24,16.82,214.9,229.2,211.8,4276.0,5974.62,9667.53
8,2025-04-16 13:10:46,81.05,74.12,95.51,210.7,220.9,218.2,8893.07,8036.11,4768.33
0,2025-04-16 13:10:46,77.94,76.16,95.75,220.0,213.1,211.8,1933.83,8934.19,2916.3
3,2025-04-16 13:10:46,87.75,74.21,84.24,210.4,226.4,227.2,535.55,9886.37,3807.72
9,2025-04-16 13:10:47,38.51,99.76,77.83,215.5,229.6,210.9,2018.73,1266.21,6628.7,2025-04-16 13:10:47,25.53,71.87,14.69,225.1,229.2,225.6,6109.21,8540.29,8947.2
2,2025-04-16 13:10:47,95.42,26.39,68.57,224.8,226.6,212.8,9174.75,2227.19,7831.71
5,2025-04-16 13:10:47,2.12,92.31,58.28,225.8,222.1,214.9,2419.09,2514.98,4593.56
1,2025-04-16 13:10:47,43.13,52.56,35.35,210.3,229.3,222.1,8959.71,2096.34,1828.74
6,2025-04-16 13:10:47,40.85,78.18,19.24,219.6,224.8,226.4,5208.65,3890.89,6462.89
0,2025-04-16 13:10:47,89.64,98.89,75.33,211.0,227.3,225.5,3005.01,1730.63,4753.91
3,2025-04-16 13:10:47,96.23,52.2,30.98,227.4,220.4,227.5,6608.95,3032.32,6006.88
4,2025-04-16 13:10:48,52.58,23.34,99.41,223.7,223.0,214.4,7377.03,7211.43,5093.11
9,2025-04-16 13:10:48,54.37,10.54,67.67,217.0,212.6,229.2,2814.65,498.04,5065.31
2,2025-04-16 13:10:48,70.91,53.96,89.32,211.0,226.3,229.3,5266.59,6708.62,1107.46
5,2025-04-16 13:10:48,57.33,79.87,60.65,229.0,215.1,217.6,2849.03,3774.34,2379.81
1,2025-04-16 13:10:48,2.58,40.32,80.04,227.1,228.9,212.6,3716.76,7351.79,869.02
3,2025-04-16 13:10:48,34.94,28.12,52.69,210.4,212.5,229.0,8246.33,1982.63,3168.01
0,2025-04-16 13:10:48,11.31,97.73,71.52,220.8,227.2,223.6,6359.35,9562.62,3866.54
6,2025-04-16 13:10:48,33.11,37.64,83.23,221.1,218.3,219.2,9079.18,1978.57,3304.99
9,2025-04-16 13:10:49,25.99,40.04,16.0,221.2,216.3,225.9,1944.25,8893.39,8103.93
7,2025-04-16 13:10:49,58.76,82.97,92.62,227.9,212.5,229.6,6299.27,1269.71,2566.05
2,2025-04-16 13:10:49,97.31,71.12,41.72,225.6,221.0,220.4,4520.11,9476.97,111.64
5,2025-04-16 13:10:49,20.74,44.62,16.28,212.9,210.7,223.5,3713.88,2043.92,9422.43
1,2025-04-16 13:10:49,55.38,57.87,43.21,223.9,210.9,224.2,5484.9,5971.36,5305.07
8,2025-04-16 13:10:49,78.72,25.19,68.07,221.2,215.8,215.6,5542.57,7931.24,7327.39
0,2025-04-16 13:10:49,76.69,62.27,35.26,221.5,213.8,210.4,4715.15,2525.71,4047.71
6,2025-04-16 13:10:49,99.58,56.85,40.06,219.1,227.2,210.4,1672.04,6520.84,5136.39
9,2025-04-16 13:10:50,96.44,27.38,67.59,216.2,223.2,210.3,3611.31,2095.6,5311.45
7,2025-04-16 13:10:50,70.74,53.48,20.03,213.7,213.6,210.6,5420.47,4231.11,322.85
5,2025-04-16 13:10:50,23.22,84.18,17.35,220.2,211.6,215.0,4751.99,4209.24,2265.43
2,2025-04-16 13:10:50,15.31,47.35,76.04,216.8,217.4,228.0,9805.87,4189.05,6588.89
1,2025-04-16 13:10:50,78.1,38.49,89.86,226.4,227.5,211.1,8782.07,7378.2,7427.5
3,2025-04-16 13:10:50,73.71,39.43,1.31,226.5,218.5,228.8,9407.89,8895.9,553.1
0,2025-04-16 13:10:50,3.94,54.05,44.07,217.6,223.8,221.9,6588.13,9915.76,9036.16
8,2025-04-16 13:10:50,25.61,57.99,43.64,226.7,213.6,212.0,3515.06,7573.7,8659.47
6,2025-04-16 13:10:50,41.96,8.24,30.3,214.0,229.9,223.2,1992.56,5785.42,293.63
4,2025-04-16 13:10:51,17.1,67.51,40.67,211.6,213.3,218.6,2597.93,3673.1,7011.33

7,2025-04-16 13:10:51,65.18,80.34,41.32,226.3,211.4,215.4,3162.63,2421.83,8279.1
2,2025-04-16 13:10:51,25.64,29.58,65.45,210.6,221.8,224.1,6207.42,4176.66,8094.26
1,2025-04-16 13:10:51,54.35,75.43,24.48,217.7,224.6,210.7,8428.24,6279.49,6985.28
5,2025-04-16 13:10:51,83.27,37.32,98.01,220.6,218.3,218.3,7098.76,7580.32,5448.47
8,2025-04-16 13:10:51,76.75,53.96,28.12,229.5,229.7,227.2,1898.32,2882.57,2804.06
0,2025-04-16 13:10:51,68.55,10.2,10.19,228.8,223.1,210.9,3681.31,7682.82,912.55
6,2025-04-16 13:10:51,96.19,52.98,9.47,215.7,223.5,218.6,7027.8,8573.14,4641.52
9,2025-04-16 13:10:52,10.9,17.84,58.36,223.8,226.1,214.5,8778.48,1520.28,3201.86

7,2025-04-16 13:10:52,55.27,57.11,57.31,216.8,216.6,215.5,5782.59,5491.97,2256.93
2,2025-04-16 13:10:52,80.95,77.01,35.89,220.4,226.4,224.4,583.29,3878.23,6107.17
1,2025-04-16 13:10:52,85.79,8.49,75.99,223.6,223.1,229.8,6136.69,7321.89,9244.42
5,2025-04-16 13:10:52,82.95,26.34,27.66,210.6,226.0,221.0,8438.97,3034.56,9007.67
8,2025-04-16 13:10:52,43.66,86.98,64.68,216.4,220.1,211.7,6494.82,2564.83,4834.44
0,2025-04-16 13:10:52,50.7,32.47,31.14,215.7,221.2,225.7,7632.95,6362.63,5870.33
6,2025-04-16 13:10:52,94.81,17.85,60.86,225.0,225.1,225.3,8129.94,6240.88,7633.53
9,2025-04-16 13:10:53,12.34,36.3,57.12,228.4,226.6,212.1,7294.02,939.26,4052.82

7,2025-04-16 13:10:53,85.71,83.39,64.0,224.5,228.4,213.5,5196.69,4743.04,6842.63
1,2025-04-16 13:10:53,95.87,86.45,97.25,224.0,218.4,212.8,5349.38,3489.68,490.85
5,2025-04-16 13:10:53,78.13,84.92,41.23,224.0,214.5,225.7,4091.02,9254.81,2584.79
2,2025-04-16 13:10:53,83.41,54.69,62.98,210.5,212.0,227.5,1125.9,5399.61,3890.88
8,2025-04-16 13:10:53,98.99,49.79,10.61,229.1,213.3,226.6,8130.14,5633.62,9411.18
3,2025-04-16 13:10:53,34.38,66.17,12.97,217.5,224.6,228.1,8005.94,2932.16,3072.38
6,2025-04-16 13:10:53,64.52,65.12,4.67,222.3,213.7,218.0,2973.93,9478.55,9539.33

9,2025-04-16 13:10:54,22.38,55.59,0.42,216.6,224.6,216.3,5109.11,44.88,3395.87
4,2025-04-16 13:10:54,3.71,15.15,45.85,221.9,211.3,213.1,3540.16,403.28,3172.96
7,2025-04-16 13:10:54,84.07,66.1,79.89,229.9,220.0,220.2,3536.01,5049.65,331.19
5,2025-04-16 13:10:54,58.43,54.36,57.91,212.5,227.5,226.4,2851.84,7637.02,6188.86
1,2025-04-16 13:10:54,81.63,52.93,77.07,210.7,212.1,224.1,8756.53,3726.89,3343.14
8,2025-04-16 13:10:54,94.59,0.74,34.5,224.4,217.8,229.1,3903.6,5846.67,9732.03
3,2025-04-16 13:10:54,62.44,84.23,36.98,210.7,226.6,224.8,9685.92,6171.47,2890.4
6,2025-04-16 13:10:54,93.93,79.71,52.23,211.9,215.2,214.8,4831.59,3574.0,4145.0
0,2025-04-16 13:10:54,2.06,94.64,59.2,223.6,220.3,219.7,7621.56,7117.93,2990.75
4,2025-04-16 13:10:55,50.8,86.15,63.17,223.2,218.7,222.2,9710.77,3213.19,5017.05
7,2025-04-16 13:10:55,34.82,39.38,81.07,211.4,229.4,223.1,6406.02,3684.04,3872.72
1,2025-04-16 13:10:55,44.97,43.69,88.03,215.9,220.4,214.1,1243.2,980.29,7341.44
5,2025-04-16 13:10:55,53.52,5.76,17.88,225.7,214.9,218.0,60.93,8847.34,9592.03
2,2025-04-16 13:10:55,46.79,17.71,36.62,214.8,212.6,214.3,811.97,8095.7,4404.41
3,2025-04-16 13:10:55,14.97,73.24,59.08,228.6,212.4,227.9,2219.19,3706.33,970.47
8,2025-04-16 13:10:55,20.63,96.46,20.83,223.8,224.5,215.2,5152.05,2194.31,2527.32
6,2025-04-16 13:10:55,49.71,60.84,93.34,229.8,213.5,212.9,5395.71,1833.05,7310.67
0,2025-04-16 13:10:55,81.63,25.12,88.45,211.8,216.0,211.3,8737.17,9443.02,7025.62
9,2025-04-16 13:10:56,1.11,5.23,92.16,210.7,224.0,215.3,2071.34,5797.84,558.77

7,2025-04-16 13:10:56,97.61,2.33,93.44,216.0,225.4,229.8,1261.5,6695.87,82.88
5,2025-04-16 13:10:56,44.01,22.22,5.95,219.9,216.7,220.8,5283.51,9796.47,2910.95
2,2025-04-16 13:10:56,54.28,53.95,31.45,215.6,221.3,228.2,8832.66,3784.54,775.2
1,2025-04-16 13:10:56,18.68,77.04,93.8,217.8,220.1,211.2,9704.54,9367.93,6614.05
8,2025-04-16 13:10:56,31.85,96.52,13.86,224.0,218.3,227.5,7793.56,9396.47,5049.4
6,2025-04-16 13:10:56,39.08,12.06,18.2,215.7,218.7,226.9,4811.43,7469.72,9282.12
0,2025-04-16 13:10:56,70.8,18.46,10.81,215.6,215.2,223.0,6665.12,7840.05,9363.94
9,2025-04-16 13:10:57,5.91,85.18,69.15,212.1,229.9,219.5,5722.53,2442.15,5619.63
7,2025-04-16 13:10:57,93.07,61.74,96.23,220.4,227.8,221.6,2551.71,4673.53,1565.05
5,2025-04-16 13:10:57,51.7,85.61,56.85,218.9,225.7,210.9,7162.76,1882.71,7045.61
1,2025-04-16 13:10:57,91.03,24.22,35.59,211.1,225.3,216.0,7370.87,3549.0,8466.29
2,2025-04-16 13:10:57,58.52,89.64,8.18,216.9,222.5,224.8,8785.83,6192.46,8081.36
3,2025-04-16 13:10:57,63.97,24.1,65.39,221.7,224.6,224.5,1492.33,7828.52,4383.7
8,2025-04-16 13:10:57,45.3,28.86,76.46,212.7,227.5,217.3,5934.1,2980.32,1779.36
6,2025-04-16 13:10:57,84.92,36.66,29.78,210.3,218.8,223.2,2563.89,407.47,7198.04
0,2025-04-16 13:10:57,9.14,33.21,35.95,210.1,219.0,214.7,8734.4,9209.61,1770.38
9,2025-04-16 13:10:58,32.35,6.7,55.91,215.6,215.0,220.2,840.02,4495.75,3513.37
7,2025-04-16 13:10:58,41.49,86.33,46.9,229.8,225.1,217.0,8561.27,2157.72,2185.64
4,2025-04-16 13:10:58,18.7,1.29,81.63,213.9,229.9,227.0,1591.62,3579.26,928.95
1,2025-04-16 13:10:58,63.0,6.82,2.15,217.9,216.4,216.6,4544.36,1893.43,159.68
5,2025-04-16 13:10:58,60.36,81.01,88.81,224.2,217.9,213.6,3284.3,2294.65,7349.16
2,2025-04-16 13:10:58,24.25,97.35,59.72,222.4,229.3,220.4,1645.6,6970.35,5541.83
8,2025-04-16 13:10:58,2.41,7.41,7.4,224.6,227.9,229.8,9322.46,6895.06,454.19
3,2025-04-16 13:10:58,4.34,99.85,86.57,211.7,216.3,212.2,5415.88,3605.87,8805.25
0,2025-04-16 13:10:58,67.35,7.85,77.57,211.0,224.2,215.8,5931.56,2548.02,6516.23
6,2025-04-16 13:10:58,35.66,9.75,61.82,222.3,223.2,226.2,6956.62,1508.89,4419.52
9,2025-04-16 13:10:59,68.45,22.74,36.55,227.7,224.2,211.6,6498.32,4856.02,1421.99
4,2025-04-16 13:10:59,96.62,3.16,85.85,212.7,228.1,215.6,6191.33,2981.54,3231.66
7,2025-04-16 13:10:59,76.15,30.18,46.15,211.3,211.2,219.6,9317.6,7517.79,9256.14
1,2025-04-16 13:10:59,13.7,26.52,54.18,221.5,214.9,222.7,9757.92,6806.53,2858.66
5,2025-04-16 13:10:59,59.07,68.08,96.03,227.5,222.8,220.0,5330.66,90.12,2978.53
2,2025-04-16 13:10:59,45.92,89.09,92.34,219.0,214.2,212.7,4466.45,2263.59,3223.66
8,2025-04-16 13:10:59,92.47,50.81,89.11,216.9,210.6,217.9,3981.91,7091.59,4046.36
0,2025-04-16 13:10:59,93.57,88.45,67.96,219.8,223.6,215.9,77.44,9857.53,633.37
6,2025-04-16 13:10:59,60.76,28.42,41.47,211.0,221.4,212.3,3478.54,6103.9,2621.35
9,2025-04-16 13:11:00,42.04,89.54,67.07,211.8,218.9,216.1,2035.25,8635.2,5158.0
4,2025-04-16 13:11:00,47.93,14.85,49.0,220.7,218.6,229.3,8896.39,4358.8,9719.41
7,2025-04-16 13:11:00,49.6,43.02,64.96,216.2,224.6,216.8,8807.73,7950.15,3082.8
5,2025-04-16 13:11:00,96.42,2.76,69.71,220.4,225.5,214.5,6504.2,745.24,9979.01
1,2025-04-16 13:11:00,85.96,14.01,65.62,215.7,229.6,228.4,3503.51,6022.59,9097.77
2,2025-04-16 13:11:00,31.36,79.03,10.77,215.1,221.7,227.2,4633.13,4312.94,8906.73
3,2025-04-16 13:11:00,77.34,41.43,20.6,223.5,212.5,213.7,3953.14,5146.74,6110.0
8,2025-04-16 13:11:00,83.44,28.51,75.11,226.4,213.9,221.7,6449.56,7146.93,6584.19
6,2025-04-16 13:11:00,10.57,67.16,49.96,211.4,227.0,225.2,7268.61,221.29,2776.2
0,2025-04-16 13:11:00,75.12,69.94,42.71,223.3,230.0,212.2,2394.92,1377.84,6119.83
9,2025-04-16 13:11:01,60.61,35.92,51.76,226.4,211.8,210.8,9483.98,8742.63,1720.9
7,2025-04-16 13:11:01,55.85,22.57,18.05,215.5,217.6,227.6,970.79,9193.71,5741.21
4,2025-04-16 13:11:01,81.26,19.85,52.41,217.9,215.1,221.1,5196.33,7770.75,3816.54
5,2025-04-16 13:11:01,88.47,90.45,37.53,220.0,228.0,220.4,2824.62,6370.53,9543.38
1,2025-04-16 13:11:01,67.73,22.26,86.15,212.7,213.9,217.5,5514.02,4669.83,2745.59
2,2025-04-16 13:11:01,5.51,25.59,86.49,223.0,214.8,217.4,5630.06,3710.89,6794.64
3,2025-04-16 13:11:01,67.61,38.17,73.05,218.8,212.4,224.3,3637.99,2743.52,2700.01
8,2025-04-16 13:11:01,37.65,85.51,11.65,218.7,216.4,222.1,3241.53,4692.85,3346.54
6,2025-04-16 13:11:01,97.42,86.92,62.72,211.2,226.4,219.6,5315.86,1433.63,528.71
0,2025-04-16 13:11:01,53.24,49.28,45.24,219.0,220.8,216.5,869.38,1419.72,1229.55
9,2025-04-16 13:11:02,88.1,64.79,93.15,224.7,219.1,213.2,1571.91,980.55,2268.48
7,2025-04-16 13:11:02,56.75,93.59,55.37,220.4,226.0,226.4,1463.55,3202.63,7554.14
4,2025-04-16 13:11:02,87.9,60.31,37.27,227.7,223.9,226.8,7838.59,271.6,1914.45
2,2025-04-16 13:11:02,6.84,26.91,51.05,225.9,223.3,214.5,5524.25,3206.46,1258.62
5,2025-04-16 13:11:02,53.01,95.67,78.67,218.9,217.0,229.6,1143.57,3381.24,8542.7
1,2025-04-16 13:11:02,61.78,21.34,89.61,213.1,225.6,214.9,3727.48,6429.91,3566.28
3,2025-04-16 13:11:02,34.63,77.36,4.91,217.7,216.6,226.1,5942.23,5680.62,7832.96
8,2025-04-16 13:11:02,10.72,49.72,3.02,218.3,212.3,216.0,5204.09,5740.59,8027.39
6,2025-04-16 13:11:02,79.65,25.33,33.78,214.9,215.4,228.3,7925.81,4157.56,3690.79
0,2025-04-16 13:11:02,26.92,48.43,39.78,224.4,224.4,217.7,2993.05,4884.17,1999.53
9,2025-04-16 13:11:03,86.98,16.27,40.22,222.1,220.8,217.8,5578.43,6180.8,1662.01
4,2025-04-16 13:11:03,19.47,22.15,19.99,221.0,226.4,228.2,2135.62,3775.28,8567.84
7,2025-04-16 13:11:03,48.07,17.85,37.48,222.7,227.6,220.6,8777.16,4453.83,4083.77
1,2025-04-16 13:11:03,24.73,36.91,56.37,220.6,220.8,226.0,6378.43,2359.27,5187.03
5,2025-04-16 13:11:03,3.49,32.41,93.88,226.3,227.1,225.6,3078.98,1566.69,466.79
8,2025-04-16 13:11:03,48.85,45.64,18.25,226.2,217.3,221.1,2323.38,1065.91,7536.58
3,2025-04-16 13:11:03,46.68,83.68,76.75,225.7,218.7,223.2,296.0,4157.04,3388.25
6,2025-04-16 13:11:03,98.02,31.05,19.24,217.3,210.7,227.7,3007.32,5599.48,7279.59
0,2025-04-16 13:11:03,14.48,5.1,83.38,212.3,210.0,217.6,2263.47,5995.99,959.06
9,2025-04-16 13:11:04,84.59,59.04,43.99,222.4,225.4,217.4,7825.34,1688.93,2983.28
7,2025-04-16 13:11:04,5.38,22.3,14.3,219.0,228.9,217.3,3174.88,385.31,9074.58
4,2025-04-16 13:11:04,37.44,90.4,72.74,222.2,224.8,223.7,6010.36,53.03,4679.5
5,2025-04-16 13:11:04,90.82,61.24,79.18,228.3,229.1,224.2,3371.01,3543.03,1596.86
1,2025-04-16 13:11:04,40.23,65.61,37.73,220.8,222.5,217.1,9753.76,680.71,5237.32
2,2025-04-16 13:11:04,60.32,3.84,19.03,216.5,218.9,223.9,9708.51,4534.52,9060.53
3,2025-04-16 13:11:04,28.9,54.71,42.53,212.8,227.8,212.7,755.45,145.4,7868.36
8,2025-04-16 13:11:04,6.2,51.21,13.01,215.6,210.2,226.4,8212.67,5016.23,2984.36
6,2025-04-16 13:11:04,68.38,6.54,20.76,216.8,224.0,216.4,5940.01,785.92,8359.13
0,2025-04-16 13:11:04,60.87,79.18,28.87,222.3,220.2,216.1,8908.83,7070.39,6700.03
9,2025-04-16 13:11:05,82.05,23.88,90.67,211.8,215.6,220.7,3015.14,4821.06,1429.34
4,2025-04-16 13:11:05,61.69,93.51,30.99,225.4,219.8,227.6,6382.57,9672.58,1022.36
7,2025-04-16 13:11:05,7.54,15.55,83.14,210.1,216.3,213.6,7944.71,398.56,8921.35
1,2025-04-16 13:11:05,83.47,84.97,7.77,227.7,214.1,227.2,8081.91,1013.77,3459.82
5,2025-04-16 13:11:05,13.53,75.8,29.65,210.7,216.6,216.5,3613.59,1179.31,3842.98
2,2025-04-16 13:11:05,11.21,60.57,96.26,217.6,229.6,216.3,3296.68,3316.51,8539.15
8,2025-04-16 13:11:05,41.12,72.62,2.27,229.4,214.7,224.1,6353.11,3504.65,6623.58
3,2025-04-16 13:11:05,12.86,41.9,96.35,220.0,220.3,219.4,5332.35,9049.88,144.3
0,2025-04-16 13:11:05,28.79,23.61,17.71,221.1,223.8,211.5,7327.51,4763.41,9277.37
6,2025-04-16 13:11:05,53.89,48.96,3.08,216.1,224.6,213.0,5767.06,8602.37,9042.61
9,2025-04-16 13:11:06,82.02,20.69,1.67,210.1,215.7,221.0,9684.01,49.03,636.47
7,2025-04-16 13:11:06,94.91,6.56,48.16,213.3,211.0,218.8,1789.04,422.51,2532.85
4,2025-04-16 13:11:06,59.83,47.71,87.8,220.7,229.7,225.0,1920.92,2845.19,5325.29
5,2025-04-16 13:11:06,96.83,71.93,37.17,218.4,220.7,210.2,6800.61,6501.35,7283.49
1,2025-04-16 13:11:06,15.4,90.4,52.46,215.1,229.8,227.0,8512.36,5233.53,8014.32
2,2025-04-16 13:11:06,97.23,30.77,51.36,221.2,216.8,221.9,9057.07,421.5,682.54
3,2025-04-16 13:11:06,27.9,65.14,99.55,227.2,220.7,222.9,7756.18,6196.94,9352.1
8,2025-04-16 13:11:06,60.51,70.18,60.96,211.1,214.4,210.2,7791.87,2501.89,6315.21
6,2025-04-16 13:11:06,95.86,8.61,98.37,229.0,222.4,213.2,9559.68,2857.11,4634.8
0,2025-04-16 13:11:06,64.32,1.74,76.47,219.5,221.4,225.3,1470.63,2607.09,1263.89
9,2025-04-16 13:11:07,21.51,75.43,65.45,222.9,222.7,214.9,970.96,9108.38,4019.74
7,2025-04-16 13:11:07,27.97,30.33,81.42,213.5,227.4,211.5,8421.74,1813.12,5463.53
4,2025-04-16 13:11:07,34.79,66.06,97.58,222.6,215.9,228.1,8779.73,7533.12,1139.04
1,2025-04-16 13:11:07,56.24,98.08,15.94,228.1,226.2,213.9,5252.17,8956.83,1588.28
2,2025-04-16 13:11:07,24.29,53.25,85.31,223.3,214.8,210.8,5055.5,6690.42,413.39
5,2025-04-16 13:11:07,55.3,48.72,50.85,227.7,214.1,222.4,6751.64,3631.11,4728.26
8,2025-04-16 13:11:07,50.57,81.11,40.73,213.8,216.0,227.1,1835.5,9501.61,4728.32
3,2025-04-16 13:11:07,33.52,46.31,66.6,219.9,226.1,220.6,8246.16,2619.98,1475.02
0,2025-04-16 13:11:07,59.43,38.25,1.23,226.7,229.3,229.0,4396.03,3359.69,1076.21
9,2025-04-16 13:11:08,96.79,89.43,81.71,215.9,222.6,228.0,2436.38,470.09,7228.61
7,2025-04-16 13:11:08,59.27,16.26,51.1,212.8,223.4,222.7,2759.8,152.01,1175.72
4,2025-04-16 13:11:08,91.24,63.07,96.28,213.5,216.4,221.8,5503.63,4982.31,6065.95
5,2025-04-16 13:11:08,18.36,4.81,14.34,215.1,214.2,215.2,1692.82,2363.93,6581.53
2,2025-04-16 13:11:08,64.69,70.8,37.55,225.9,215.9,217.2,6476.2,3712.78,6464.91
1,2025-04-16 13:11:08,45.75,56.95,14.87,228.5,229.3,216.6,3360.44,4729.55,2498.93
8,2025-04-16 13:11:08,89.49,39.19,1.0,214.2,227.4,214.4,5072.09,9649.35,2996.79
0,2025-04-16 13:11:08,50.58,99.78,14.61,221.5,228.7,211.2,896.33,846.51,7830.22
6,2025-04-16 13:11:08,67.5,22.89,87.03,221.7,211.9,216.9,3244.7,3557.34,4000.9
9,2025-04-16 13:11:09,91.82,57.1,59.63,215.8,218.3,223.8,1237.94,179.84,7011.8
4,2025-04-16 13:11:09,21.38,20.24,76.26,221.3,227.1,225.1,7010.94,2103.4,6013.25
7,2025-04-16 13:11:09,50.63,61.8,44.04,215.1,222.3,219.4,3435.02,5658.38,1511.99
5,2025-04-16 13:11:09,3.5,28.02,39.67,216.1,219.5,218.1,8817.55,1139.29,4107.58
1,2025-04-16 13:11:09,23.08,77.65,89.28,213.3,227.6,223.2,1566.31,2497.19,7836.42
2,2025-04-16 13:11:09,72.86,50.23,91.43,210.0,211.4,225.8,9512.37,7864.31,3946.64
3,2025-04-16 13:11:09,93.08,89.32,90.93,223.6,213.3,210.8,8079.13,1120.62,7084.12
8,2025-04-16 13:11:09,76.3,9.23,59.28,228.3,216.8,227.8,2461.84,7319.14,50.51
0,2025-04-16 13:11:09,82.44,80.23,62.19,210.4,227.8,219.2,8244.74,7345.82,7517.87
6,2025-04-16 13:11:09,23.54,23.77,94.06,229.3,211.4,225.0,7700.98,8644.98,4391.68
9,2025-04-16 13:11:10,42.83,99.38,92.16,214.6,218.9,218.7,6258.84,7455.64,9893.15
4,2025-04-16 13:11:10,69.56,3.82,80.41,213.0,215.1,218.5,9559.22,1658.75,7931.69
7,2025-04-16 13:11:10,52.66,15.55,83.08,211.2,222.9,228.5,8642.01,2230.56,4751.06
5,2025-04-16 13:11:10,39.51,83.34,99.01,221.4,221.5,224.4,8183.38,3924.8,575.36
1,2025-04-16 13:11:10,74.25,51.09,31.71,210.6,218.5,228.2,7201.19,3185.13,8163.7
2,2025-04-16 13:11:10,0.02,90.26,17.55,222.6,210.0,222.5,8035.14,1434.47,4971.14
3,2025-04-16 13:11:10,18.57,29.68,34.57,216.9,218.4,210.0,780.46,436.23,2272.62

0,2025-04-16 13:11:10,16.9,54.86,86.13,219.6,226.4,226.8,2957.72,7443.19,9733.66
6,2025-04-16 13:11:10,43.17,83.07,68.52,217.7,222.1,229.5,7903.62,953.37,7498.15
9,2025-04-16 13:11:11,89.62,74.93,21.49,224.5,226.7,217.0,6508.91,256.65,2342.8
4,2025-04-16 13:11:11,96.96,48.41,97.88,216.4,221.7,216.7,1233.49,715.5,8288.77
7,2025-04-16 13:11:11,91.69,10.43,45.18,211.3,229.4,212.0,4513.26,4188.27,3412.86
1,2025-04-16 13:11:11,79.19,93.78,61.95,222.6,214.5,213.8,6472.53,5880.05,9848.12
2,2025-04-16 13:11:11,8.86,50.57,20.88,229.2,215.2,225.4,4616.48,9760.39,6585.92
5,2025-04-16 13:11:11,55.89,52.59,88.67,220.1,223.7,228.4,5026.55,5021.1,9611.65
3,2025-04-16 13:11:11,96.23,48.04,16.71,223.4,227.9,224.3,2055.85,4747.49,8245.93
0,2025-04-16 13:11:11,39.39,76.01,3.6,224.1,217.5,217.2,4529.62,9508.78,297.99
6,2025-04-16 13:11:11,50.45,88.31,67.52,212.4,225.0,211.1,3738.95,7945.72,5384.33
9,2025-04-16 13:11:12,60.83,79.32,52.38,217.8,211.5,216.7,3333.19,9919.04,5528.29
4,2025-04-16 13:11:12,92.86,43.4,32.16,210.4,221.2,220.8,1713.55,5125.66,4903.53
2,2025-04-16 13:11:12,76.73,12.95,4.14,226.3,217.1,214.9,7334.94,575.53,931.86
5,2025-04-16 13:11:12,15.99,7.47,50.35,214.7,214.4,225.9,2406.46,3866.39,2773.47
1,2025-04-16 13:11:12,20.16,22.76,30.4,214.1,210.4,223.4,4400.32,3045.38,6010.18
8,2025-04-16 13:11:12,2.46,52.93,83.3,216.8,213.5,227.0,7383.36,7917.44,5720.91
3,2025-04-16 13:11:12,81.17,3.68,3.75,228.7,215.2,224.2,8922.67,9298.72,7421.94
6,2025-04-16 13:11:12,90.68,88.2,62.19,219.3,214.6,223.9,4085.3,5863.09,9447.54
0,2025-04-16 13:11:12,62.97,26.27,21.39,222.2,210.8,227.5,4763.87,8234.24,3710.94
